aa (AA) 
aas (AA5) 
ab (AB) 
aba (ABA) 
abaca (ABACA) 
abase (ABA5E) 
abasia (ABA51A) 
abasic (ABA51C) 
abbe (ABBE) 
abbess (ABBE55) 
abc (ABC) 
abcs (ABC5) 
abdicable (ABD1CAB1E) 
abed (ABED) 
abel (ABE1) 
abele (ABE1E) 
abelia (ABE11A) 
abide (AB1DE) 
abies (AB1E5) 
abila (AB11A) 
ablaze (AB1A2E) 
able (AB1E) 
abls (AB15) 
abo (AB0) 
abode (AB0DE) 
abscess (AB5CE55) 
abscessed (AB5CE55ED) 
abscise (AB5C15E) 
abscissa (AB5C155A) 
abseil (AB5E11) 
ac (AC) 
acacia (ACAC1A) 
acadia (ACAD1A) 
accede (ACCEDE) 
access (ACCE55) 
accessible (ACCE551B1E) 
accolade (ACC01ADE) 
ace (ACE) 
acedia (ACED1A) 
acid (AC1D) 
acidic (AC1D1C) 
acidosis (AC1D0515) 
acold (AC01D) 
ad (AD) 
ada (ADA) 
adad (ADAD) 
adalia (ADA11A) 
add (ADD) 
addable (ADDAB1E) 
added (ADDED) 
addible (ADD1B1E) 
addle (ADD1E) 
addled (ADD1ED) 
ade (ADE) 
adelaide (ADE1A1DE) 
adelie (ADE11E) 
adios (AD105) 
ado (AD0) 
adobe (AD0BE) 
adobo (AD0B0) 
adolesce (AD01E5CE) 
adz (AD2) 
adze (AD2E) 
aec (AEC) 
aecial (AEC1A1) 
aedes (AEDE5) 
aeolia (AE011A) 
aeolic (AE011C) 
aeolis (AE0115) 
affable (AFFAB1E) 
afield (AF1E1D) 
afl (AF1) 
ai (A1) 
aid (A1D) 
aide (A1DE) 
aided (A1DED) 
aides (A1DE5) 
aids (A1D5) 
ail (A11) 
aioli (A1011) 
aisle (A151E) 
aizoaceae (A120ACEAE) 
al (A1) 
ala (A1A) 
alalia (A1A11A) 
alas (A1A5) 
alb (A1B) 
albedo (A1BED0) 
albee (A1BEE) 
albizia (A1B121A) 
albizzia (A1B1221A) 
alca (A1CA) 
alcaic (A1CA1C) 
alcea (A1CEA) 
alcedo (A1CED0) 
alces (A1CE5) 
alcibiades (A1C1B1ADE5) 
alcidae (A1C1DAE) 
alcides (A1C1DE5) 
aldol (A1D01) 
aldose (A1D05E) 
ale (A1E) 
alee (A1EE) 
alfalfa (A1FA1FA) 
ali (A11) 
alias (A11A5) 
alibi (A11B1) 
alidad (A11DAD) 
alidade (A11DADE) 
all (A11) 
allele (A11E1E) 
allelic (A11E11C) 
alliaceae (A111ACEAE) 
allice (A111CE) 
allied (A111ED) 
allies (A111E5) 
allis (A1115) 
allocable (A110CAB1E) 
alocasia (A10CA51A) 
aloe (A10E) 
aloeaceae (A10EACEAE) 
aloes (A10E5) 
aloof (A100F) 
alosa (A105A) 
als (A15) 
alsace (A15ACE) 
also (A150) 
alsobia (A150B1A) 
as (A5) 
ascidiaceae (A5C1D1ACEAE) 
ascii (A5C11) 
asdic (A5D1C) 
asia (A51A) 
aside (A51DE) 
asilidae (A5111DAE) 
asio (A510) 
asl (A51) 
asocial (A50C1A1) 
ass (A55) 
assail (A55A11) 
assailable (A55A11AB1E) 
assess (A55E55) 
assessable (A55E55AB1E) 
assize (A5512E) 
assizes (A5512E5) 
associable (A550C1AB1E) 
assoil (A55011) 
az (A2) 
azalea (A2A1EA) 
azide (A21DE) 
azido (A21D0) 
azo (A20) 
azoic (A201C) 
azolla (A2011A) 
azollaceae (A2011ACEAE) 
ba (BA) 
baa (BAA) 
baal (BAA1) 
baas (BAA5) 
baba (BABA) 
babble (BABB1E) 
babe (BABE) 
babel (BABE1) 
babesiidae (BABE511DAE) 
baboo (BAB00) 
bacca (BACCA) 
bacillaceae (BAC111ACEAE) 
bacilli (BAC1111) 
bad (BAD) 
baddie (BADD1E) 
bade (BADE) 
baeda (BAEDA) 
baffle (BAFF1E) 
baffled (BAFF1ED) 
bai (BA1) 
baic (BA1C) 
bail (BA11) 
bailable (BA11AB1E) 
bailee (BA11EE) 
bailiff (BA111FF) 
baiza (BA12A) 
baize (BA12E) 
balas (BA1A5) 
balboa (BA1B0A) 
bald (BA1D) 
bale (BA1E) 
bali (BA11) 
ball (BA11) 
ballad (BA11AD) 
ballade (BA11ADE) 
balled (BA11ED) 
balsa (BA15A) 
balzac (BA12AC) 
baobab (BA0BAB) 
basal (BA5A1) 
base (BA5E) 
baseball (BA5EBA11) 
based (BA5ED) 
basel (BA5E1) 
baseless (BA5E1E55) 
basia (BA51A) 
basic (BA51C) 
basics (BA51C5) 
basidial (BA51D1A1) 
basil (BA511) 
basilica (BA5111CA) 
basis (BA515) 
basle (BA51E) 
bass (BA55) 
bassia (BA551A) 
basso (BA550) 
bb (BB) 
bbl (BB1) 
bbs (BB5) 
bc (BC) 
bd (BD) 
be (BE) 
bead (BEAD) 
beaded (BEADED) 
beadle (BEAD1E) 
beads (BEAD5) 
bed (BED) 
beda (BEDA) 
bedaze (BEDA2E) 
bedazzle (BEDA221E) 
bedded (BEDDED) 
bede (BEDE) 
bedless (BED1E55) 
bedside (BED51DE) 
bee (BEE) 
beef (BEEF) 
beefalo (BEEFA10) 
befall (BEFA11) 
befool (BEF001) 
bel (BE1) 
belie (BE11E) 
belief (BE11EF) 
belize (BE112E) 
bell (BE11) 
belle (BE11E) 
bellicose (BE111C05E) 
bellied (BE111ED) 
bellis (BE1115) 
besides (BE51DE5) 
bessel (BE55E1) 
bezel (BE2E1) 
bi (B1) 
bias (B1A5) 
biased (B1A5ED) 
bib (B1B) 
bibbed (B1BBED) 
bible (B1B1E) 
bibless (B1B1E55) 
biblical (B1B11CA1) 
bibos (B1B05) 
bid (B1D) 
bida (B1DA) 
biddable (B1DDAB1E) 
bide (B1DE) 
biface (B1FACE) 
bifacial (B1FAC1A1) 
biff (B1FF) 
bifid (B1F1D) 
bifocal (B1F0CA1) 
bifold (B1F01D) 
bilabial (B11AB1A1) 
bile (B11E) 
bill (B111) 
billed (B111ED) 
billfold (B111F01D) 
bilobed (B110BED) 
bise (B15E) 
biz (B12) 
bize (B12E) 
blab (B1AB) 
blade (B1ADE) 
bladed (B1ADED) 
blae (B1AE) 
blase (B1A5E) 
blaze (B1A2E) 
bleb (B1EB) 
blebbed (B1EBBED) 
bleed (B1EED) 
bless (B1E55) 
blessed (B1E55ED) 
bliss (B1155) 
blob (B10B) 
bloc (B10C) 
blood (B100D) 
blooded (B100DED) 
bloodied (B100D1ED) 
bloodleaf (B100D1EAF) 
bloodless (B100D1E55) 
boa (B0A) 
bob (B0B) 
bobble (B0BB1E) 
bobsled (B0B51ED) 
boccaccio (B0CCACC10) 
bocce (B0CCE) 
bocci (B0CC1) 
boccie (B0CC1E) 
bod (B0D) 
bode (B0DE) 
bodice (B0D1CE) 
bodied (B0D1ED) 
bodiless (B0D11E55) 
boidae (B01DAE) 
boil (B011) 
boiled (B011ED) 
boise (B015E) 
bola (B01A) 
bold (B01D) 
boldface (B01DFACE) 
bole (B01E) 
bolide (B011DE) 
boll (B011) 
bolo (B010) 
boo (B00) 
boob (B00B) 
booboisie (B00B0151E) 
boodle (B00D1E) 
boole (B001E) 
booze (B002E) 
bos (B05) 
bosc (B05C) 
bose (B05E) 
bosie (B051E) 
boss (B055) 
bozo (B020) 
bs (B5) 
bse (B5E) 
ca (CA) 
cab (CAB) 
cabal (CABA1) 
cabala (CABA1A) 
cabbala (CABBA1A) 
cabell (CABE11) 
cable (CAB1E) 
caboodle (CAB00D1E) 
caboose (CAB005E) 
cacalia (CACA11A) 
cacao (CACA0) 
cad (CAD) 
caddie (CADD1E) 
caddo (CADD0) 
cade (CADE) 
cadiz (CAD12) 
caecal (CAECA1) 
caeciliidae (CAEC1111DAE) 
cafe (CAFE) 
caff (CAFF) 
calaba (CA1ABA) 
calabazilla (CA1ABA2111A) 
calais (CA1A15) 
calced (CA1CED) 
calcic (CA1C1C) 
calcific (CA1C1F1C) 
calf (CA1F) 
cali (CA11) 
calico (CA11C0) 
calif (CA11F) 
call (CA11) 
calla (CA11A) 
callable (CA11AB1E) 
callas (CA11A5) 
called (CA11ED) 
casaba (CA5ABA) 
casals (CA5A15) 
cascabel (CA5CABE1) 
cascade (CA5CADE) 
cascades (CA5CADE5) 
case (CA5E) 
cased (CA5ED) 
cassia (CA551A) 
cassie (CA551E) 
cbc (CBC) 
cc (CC) 
ccc (CCC) 
cd (CD) 
ce (CE) 
cease (CEA5E) 
ceaseless (CEA5E1E55) 
cebidae (CEB1DAE) 
cecal (CECA1) 
cede (CEDE) 
cedi (CED1) 
cedilla (CED111A) 
cefobid (CEF0B1D) 
ceiba (CE1BA) 
ceibo (CE1B0) 
celebes (CE1EBE5) 
celiac (CE11AC) 
cell (CE11) 
cello (CE110) 
celosia (CE1051A) 
ceo (CE0) 
cf (CF) 
cfc (CFC) 
ci (C1) 
cia (C1A) 
ciao (C1A0) 
cicada (C1CADA) 
cicadellidae (C1CADE111DAE) 
cicadidae (C1CAD1DAE) 
cicala (C1CA1A) 
cilial (C111A1) 
cio (C10) 
cis (C15) 
cisc (C15C) 
cisco (C15C0) 
cl (C1) 
clad (C1AD) 
clade (C1ADE) 
cladode (C1AD0DE) 
class (C1A55) 
classic (C1A551C) 
classical (C1A551CA1) 
classicise (C1A551C15E) 
classicize (C1A551C12E) 
classics (C1A551C5) 
classifiable (C1A551F1AB1E) 
classified (C1A551F1ED) 
classless (C1A551E55) 
clef (C1EF) 
cli (C11) 
cliff (C11FF) 
clio (C110) 
cloaca (C10ACA) 
clod (C10D) 
close (C105E) 
closed (C105ED) 
cloze (C102E) 
co (C0) 
coal (C0A1) 
coalesce (C0A1E5CE) 
coalesced (C0A1E5CED) 
coalface (C0A1FACE) 
coalfield (C0A1F1E1D) 
cob (C0B) 
cobble (C0BB1E) 
cobia (C0B1A) 
cobol (C0B01) 
coca (C0CA) 
coccal (C0CCA1) 
cocci (C0CC1) 
coccidae (C0CC1DAE) 
coccidia (C0CC1D1A) 
coccidiosis (C0CC1D10515) 
coccoid (C0CC01D) 
coccoidea (C0CC01DEA) 
coco (C0C0) 
cocoa (C0C0A) 
cocobolo (C0C0B010) 
cocos (C0C05) 
cocozelle (C0C02E11E) 
cod (C0D) 
coda (C0DA) 
coddle (C0DD1E) 
coddled (C0DD1ED) 
code (C0DE) 
codicil (C0D1C11) 
codified (C0D1F1ED) 
coeliac (C0E11AC) 
coffea (C0FFEA) 
coffee (C0FFEE) 
coif (C01F) 
coiffe (C01FFE) 
coil (C011) 
coiled (C011ED) 
col (C01) 
cola (C01A) 
cold (C01D) 
cole (C01E) 
colic (C011C) 
collide (C0111DE) 
collie (C0111E) 
collocalia (C0110CA11A) 
colloid (C01101D) 
colloidal (C01101DA1) 
colocasia (C010CA51A) 
colossal (C01055A1) 
colza (C012A) 
coo (C00) 
cool (C001) 
cooled (C001ED) 
coolie (C0011E) 
cos (C05) 
cosec (C05EC) 
coss (C055) 
cozie (C021E) 
cs (C5) 
da (DA) 
dab (DAB) 
daba (DABA) 
dabble (DABB1E) 
dabbled (DABB1ED) 
daboecia (DAB0EC1A) 
dacca (DACCA) 
dace (DACE) 
dacelo (DACE10) 
dad (DAD) 
dada (DADA) 
dado (DAD0) 
daffo (DAFF0) 
daffodil (DAFF0D11) 
dafla (DAF1A) 
dail (DA11) 
dais (DA15) 
dal (DA1) 
dalasi (DA1A51) 
dale (DA1E) 
dalea (DA1EA) 
dali (DA11) 
dallas (DA11A5) 
dalo (DA10) 
das (DA5) 
dassie (DA551E) 
daze (DA2E) 
dazed (DA2ED) 
dazzle (DA221E) 
dazzled (DA221ED) 
db (DB) 
dc (DC) 
dd (DD) 
dds (DD5) 
de (DE) 
dead (DEAD) 
deaf (DEAF) 
deal (DEA1) 
deb (DEB) 
debacle (DEBAC1E) 
debase (DEBA5E) 
debased (DEBA5ED) 
debs (DEB5) 
dec (DEC) 
decade (DECADE) 
decaf (DECAF) 
decal (DECA1) 
decease (DECEA5E) 
deceased (DECEA5ED) 
decibel (DEC1BE1) 
decide (DEC1DE) 
decided (DEC1DED) 
decile (DEC11E) 
declassified (DEC1A551F1ED) 
decode (DEC0DE) 
ded (DED) 
deed (DEED) 
deeds (DEED5) 
deface (DEFACE) 
defaced (DEFACED) 
defeasible (DEFEA51B1E) 
defilade (DEF11ADE) 
defile (DEF11E) 
defiled (DEF11ED) 
defoe (DEF0E) 
deice (DE1CE) 
deific (DE1F1C) 
delf (DE1F) 
deli (DE11) 
delibes (DE11BE5) 
delible (DE11B1E) 
dell (DE11) 
des (DE5) 
descale (DE5CA1E) 
diabolic (D1AB011C) 
diabolical (D1AB011CA1) 
diabolise (D1AB0115E) 
diabolize (D1AB0112E) 
dial (D1A1) 
dias (D1A5) 
diaz (D1A2) 
diazo (D1A20) 
dibble (D1BB1E) 
dice (D1CE) 
diddle (D1DD1E) 
dido (D1D0) 
die (D1E) 
diesel (D1E5E1) 
dieses (D1E5E5) 
dildo (D11D0) 
dill (D111) 
diocese (D10CE5E) 
diode (D10DE) 
diol (D101) 
dis (D15) 
disa (D15A) 
disable (D15AB1E) 
disabled (D15AB1ED) 
disbelief (D15BE11EF) 
disc (D15C) 
discalced (D15CA1CED) 
discase (D15CA5E) 
disclose (D15C105E) 
disclosed (D15C105ED) 
disco (D15C0) 
discoid (D15C01D) 
discoidal (D15C01DA1) 
disease (D15EA5E) 
diseased (D15EA5ED) 
dissociable (D1550C1AB1E) 
dl (D1) 
dle (D1E) 
do (D0) 
doable (D0AB1E) 
doc (D0C) 
docile (D0C11E) 
dod (D0D) 
doddle (D0DD1E) 
dodo (D0D0) 
doe (D0E) 
doff (D0FF) 
dol (D01) 
dolce (D01CE) 
dole (D01E) 
doliolidae (D011011DAE) 
doll (D011) 
dolobid (D010B1D) 
doob (D00B) 
doodad (D00DAD) 
doodia (D00D1A) 
doodle (D00D1E) 
dos (D05) 
dose (D05E) 
dosed (D05ED) 
doss (D055) 
doze (D02E) 
ds (D5) 
ea (EA) 
eacles (EAC1E5) 
ease (EA5E) 
eased (EA5ED) 
easel (EA5E1) 
ebb (EBB) 
eblis (EB115) 
ebs (EB5) 
ec (EC) 
ecc (ECC) 
eccles (ECC1E5) 
ecesis (ECE515) 
ecf (ECF) 
ecobabble (EC0BABB1E) 
ecosoc (EC050C) 
ed (ED) 
edd (EDD) 
edda (EDDA) 
eddo (EDD0) 
edible (ED1B1E) 
edifice (ED1F1CE) 
edified (ED1F1ED) 
edo (ED0) 
ee (EE) 
eec (EEC) 
eel (EE1) 
eff (EFF) 
efface (EFFACE) 
effaceable (EFFACEAB1E) 
eiffel (E1FFE1) 
el (E1) 
elaeis (E1AE15) 
elbe (E1BE) 
eld (E1D) 
elf (E1F) 
elia (E11A) 
elide (E11DE) 
ell (E11) 
ellas (E11A5) 
elli (E111) 
elodea (E10DEA) 
elsass (E15A55) 
else (E15E) 
eolic (E011C) 
eos (E05) 
es (E5) 
escalade (E5CA1ADE) 
ese (E5E) 
esocidae (E50C1DAE) 
ezo (E20) 
fa (FA) 
fab (FAB) 
fabaceae (FABACEAE) 
fable (FAB1E) 
fabled (FAB1ED) 
facade (FACADE) 
face (FACE) 
faced (FACED) 
faceless (FACE1E55) 
facia (FAC1A) 
facial (FAC1A1) 
facile (FAC11E) 
fad (FAD) 
fade (FADE) 
faded (FADED) 
faecal (FAECA1) 
faeces (FAECE5) 
fail (FA11) 
failed (FA11ED) 
faille (FA111E) 
faisal (FA15A1) 
faisalabad (FA15A1ABAD) 
falafel (FA1AFE1) 
falco (FA1C0) 
fall (FA11) 
falla (FA11A) 
fallal (FA11A1) 
fallible (FA111B1E) 
falloff (FA110FF) 
falls (FA115) 
false (FA15E) 
falsie (FA151E) 
falsifiable (FA151F1AB1E) 
fao (FA0) 
fasces (FA5CE5) 
fascia (FA5C1A) 
fascicle (FA5C1C1E) 
fasciola (FA5C101A) 
fascioliasis (FA5C1011A515) 
fasciolidae (FA5C1011DAE) 
fasciolosis (FA5C1010515) 
faze (FA2E) 
fazed (FA2ED) 
fbi (FB1) 
fda (FDA) 
fdic (FD1C) 
fe (FE) 
feasible (FEA51B1E) 
feb (FEB) 
fecal (FECA1) 
feces (FECE5) 
fed (FED) 
fee (FEE) 
feeble (FEEB1E) 
feed (FEED) 
feel (FEE1) 
felafel (FE1AFE1) 
felicia (FE11C1A) 
felid (FE11D) 
felidae (FE11DAE) 
felis (FE115) 
fell (FE11) 
fella (FE11A) 
felled (FE11ED) 
felloe (FE110E) 
feoff (FE0FF) 
feosol (FE0501) 
fes (FE5) 
fess (FE55) 
fesse (FE55E) 
fez (FE2) 
fiasco (F1A5C0) 
fib (F1B) 
fica (F1CA) 
fiddle (F1DD1E) 
fief (F1EF) 
field (F1E1D) 
fields (F1E1D5) 
fife (F1FE) 
fifo (F1F0) 
file (F11E) 
filial (F111A1) 
filicales (F111CA1E5) 
fill (F111) 
fille (F111E) 
filled (F111ED) 
fils (F115) 
fisc (F15C) 
fiscal (F15CA1) 
fissile (F15511E) 
fizz (F122) 
fizzle (F1221E) 
fl (F1) 
flab (F1AB) 
flaccid (F1ACC1D) 
flail (F1A11) 
flea (F1EA) 
flee (F1EE) 
fleece (F1EECE) 
fleeceable (F1EECEAB1E) 
flies (F11E5) 
floc (F10C) 
floccose (F10CC05E) 
floe (F10E) 
flood (F100D) 
flooded (F100DED) 
floozie (F10021E) 
floss (F1055) 
foal (F0A1) 
foaled (F0A1ED) 
fob (F0B) 
focal (F0CA1) 
focalise (F0CA115E) 
focalize (F0CA112E) 
foe (F0E) 
foible (F01B1E) 
foil (F011) 
foiled (F011ED) 
fold (F01D) 
foldable (F01DAB1E) 
folded (F01DED) 
folie (F011E) 
folio (F0110) 
foliose (F01105E) 
follicle (F0111C1E) 
follies (F0111E5) 
food (F00D) 
foodless (F00D1E55) 
fool (F001) 
fossa (F055A) 
fosse (F055E) 
fossil (F05511) 
fossilise (F0551115E) 
fossilised (F0551115ED) 
fossilize (F0551112E) 
fossilized (F0551112ED) 
fsb (F5B) 
ia (1A) 
iaa (1AA) 
iaea (1AEA) 
ibis (1B15) 
ic (1C) 
icaco (1CAC0) 
icao (1CA0) 
icc (1CC) 
ice (1CE) 
iced (1CED) 
icefall (1CEFA11) 
icicle (1C1C1E) 
id (1D) 
ida (1DA) 
idea (1DEA) 
ideal (1DEA1) 
idealise (1DEA115E) 
idealised (1DEA115ED) 
idealize (1DEA112E) 
idealized (1DEA112ED) 
ides (1DE5) 
idesia (1DE51A) 
idle (1D1E) 
ido (1D0) 
idol (1D01) 
idolise (1D0115E) 
idolised (1D0115ED) 
idolize (1D0112E) 
idolized (1D0112ED) 
ie (1E) 
ifc (1FC) 
ii (11) 
iii (111) 
il (11) 
iliac (111AC) 
iliad (111AD) 
ill (111) 
ilo (110) 
io (10) 
iodide (10D1DE) 
iodise (10D15E) 
iodised (10D15ED) 
iodize (10D12E) 
iodized (10D12ED) 
isaac (15AAC) 
isis (1515) 
isle (151E) 
isolable (1501AB1E) 
isosceles (1505CE1E5) 
la (1A) 
lab (1AB) 
label (1ABE1) 
labeled (1ABE1ED) 
labelled (1ABE11ED) 
labial (1AB1A1) 
labialise (1AB1A115E) 
labialize (1AB1A112E) 
labile (1AB11E) 
lablab (1AB1AB) 
lac (1AC) 
lace (1ACE) 
laced (1ACED) 
lad (1AD) 
laddie (1ADD1E) 
lade (1ADE) 
ladle (1AD1E) 
laelia (1AE11A) 
laic (1A1C) 
laicise (1A1C15E) 
laicize (1A1C12E) 
laid (1A1D) 
lao (1A0) 
laos (1A05) 
lasalle (1A5A11E) 
lass (1A55) 
lassa (1A55A) 
lassie (1A551E) 
lasso (1A550) 
laze (1A2E) 
lazio (1A210) 
lb (1B) 
lcd (1CD) 
ldl (1D1) 
le (1E) 
lea (1EA) 
lead (1EAD) 
leaded (1EADED) 
leadless (1EAD1E55) 
leaf (1EAF) 
leafed (1EAFED) 
leafless (1EAF1E55) 
leal (1EA1) 
lease (1EA5E) 
leased (1EA5ED) 
led (1ED) 
leda (1EDA) 
lee (1EE) 
leeds (1EED5) 
lees (1EE5) 
lei (1E1) 
leo (1E0) 
lesbos (1E5B05) 
lescol (1E5C01) 
less (1E55) 
lessee (1E55EE) 
lf (1F) 
li (11) 
liable (11AB1E) 
liaise (11A15E) 
liao (11A0) 
libel (11BE1) 
libido (11B1D0) 
lid (11D) 
lidded (11DDED) 
lidless (11D1E55) 
lido (11D0) 
lie (11E) 
lied (11ED) 
lief (11EF) 
life (11FE) 
lifeblood (11FEB100D) 
lifeless (11FE1E55) 
lifesize (11FE512E) 
lifo (11F0) 
lii (111) 
liii (1111) 
lilac (111AC) 
liliaceae (1111ACEAE) 
liliales (1111A1E5) 
liliidae (11111DAE) 
lille (1111E) 
lillie (11111E) 
lilo (1110) 
lisboa (115B0A) 
lisle (1151E) 
liza (112A) 
llb (11B) 
lld (11D) 
load (10AD) 
loaded (10ADED) 
loads (10AD5) 
loaf (10AF) 
loasa (10A5A) 
loasaceae (10A5ACEAE) 
lob (10B) 
lobe (10BE) 
lobed (10BED) 
lobelia (10BE11A) 
lobeliaceae (10BE11ACEAE) 
local (10CA1) 
locale (10CA1E) 
localise (10CA115E) 
localised (10CA115ED) 
localize (10CA112E) 
localized (10CA112ED) 
loco (10C0) 
lode (10DE) 
lodz (10D2) 
loeb (10EB) 
loess (10E55) 
loll (1011) 
lolo (1010) 
loo (100) 
loofa (100FA) 
loos (1005) 
loose (1005E) 
looseleaf (1005E1EAF) 
lose (105E) 
loss (1055) 
losses (1055E5) 
lozal (102A1) 
lsd (15D) 
oaf (0AF) 
oas (0A5) 
oasis (0A515) 
ob (0B) 
obese (0BE5E) 
obi (0B1) 
oboe (0B0E) 
obsess (0B5E55) 
obsessed (0B5E55ED) 
obsolesce (0B501E5CE) 
oca (0CA) 
od (0D) 
odd (0DD) 
oddball (0DDBA11) 
odds (0DD5) 
ode (0DE) 
odesa (0DE5A) 
odessa (0DE55A) 
oed (0ED) 
off (0FF) 
offal (0FFA1) 
office (0FF1CE) 
official (0FF1C1A1) 
officialese (0FF1C1A1E5E) 
officialise (0FF1C1A115E) 
officialize (0FF1C1A112E) 
offload (0FF10AD) 
offsaddle (0FF5ADD1E) 
offside (0FF51DE) 
offsides (0FF51DE5) 
ofo (0F0) 
oil (011) 
oiled (011ED) 
oilfield (011F1E1D) 
oilseed (0115EED) 
ola (01A) 
old (01D) 
oldfield (01DF1E1D) 
oldie (01D1E) 
olea (01EA) 
oleaceae (01EACEAE) 
oleales (01EA1E5) 
oleo (01E0) 
olla (011A) 
oodles (00D1E5) 
ooze (002E) 
os (05) 
osasco (05A5C0) 
oslo (0510) 
ossicle (0551C1E) 
ossified (0551F1ED) 
sa (5A) 
saale (5AA1E) 
saba (5ABA) 
sabal (5ABA1) 
sable (5AB1E) 
sac (5AC) 
sacco (5ACC0) 
sad (5AD) 
saddle (5ADD1E) 
saddlebill (5ADD1EB111) 
saddled (5ADD1ED) 
sade (5ADE) 
safe (5AFE) 
said (5A1D) 
saida (5A1DA) 
sail (5A11) 
salable (5A1AB1E) 
salad (5A1AD) 
salai (5A1A1) 
salal (5A1A1) 
sale (5A1E) 
saleable (5A1EAB1E) 
sales (5A1E5) 
salicaceae (5A11CACEAE) 
salicales (5A11CA1E5) 
sallade (5A11ADE) 
salol (5A101) 
salsa (5A15A) 
salsilla (5A15111A) 
salsola (5A1501A) 
sass (5A55) 
sb (5B) 
sbe (5BE) 
sc (5C) 
scab (5CAB) 
scabicide (5CAB1C1DE) 
scabies (5CAB1E5) 
scabiosa (5CAB105A) 
scad (5CAD) 
scads (5CAD5) 
scaffold (5CAFF01D) 
scalable (5CA1AB1E) 
scald (5CA1D) 
scale (5CA1E) 
scaled (5CA1ED) 
scaleless (5CA1E1E55) 
scalic (5CA11C) 
scd (5CD) 
scid (5C1D) 
scilla (5C111A) 
sclaff (5C1AFF) 
scoff (5C0FF) 
scold (5C01D) 
scoliosis (5C0110515) 
scsi (5C51) 
sd (5D) 
se (5E) 
sea (5EA) 
seabed (5EABED) 
seafood (5EAF00D) 
seal (5EA1) 
sealed (5EA1ED) 
seaside (5EA51DE) 
sebe (5EBE) 
sebs (5EB5) 
sec (5EC) 
secale (5ECA1E) 
secede (5ECEDE) 
sedalia (5EDA11A) 
see (5EE) 
seeable (5EEAB1E) 
seed (5EED) 
seedbed (5EEDBED) 
seedcase (5EEDCA5E) 
seeded (5EEDED) 
seedless (5EED1E55) 
seel (5EE1) 
seidel (5E1DE1) 
seize (5E12E) 
seized (5E12ED) 
seles (5E1E5) 
self (5E1F) 
selfless (5E1F1E55) 
sell (5E11) 
sellable (5E11AB1E) 
seseli (5E5E11) 
sess (5E55) 
sessile (5E5511E) 
si (51) 
sial (51A1) 
sialia (51A11A) 
sialidae (51A11DAE) 
sialis (51A115) 
sib (51B) 
sic (51C) 
sicilia (51C111A) 
sida (51DA) 
sidalcea (51DA1CEA) 
side (51DE) 
sidesaddle (51DE5ADD1E) 
sidle (51D1E) 
sids (51D5) 
sif (51F) 
sild (511D) 
silesia (511E51A) 
silica (5111CA) 
silicide (5111C1DE) 
silicle (5111C1E) 
silicosis (5111C0515) 
sill (5111) 
sills (51115) 
silo (5110) 
sis (515) 
sisal (515A1) 
sise (515E) 
siss (5155) 
sissified (51551F1ED) 
sissoo (515500) 
sizable (512AB1E) 
size (512E) 
sizeable (512EAB1E) 
sized (512ED) 
sizz (5122) 
sizzle (51221E) 
slab (51AB) 
sle (51E) 
sleaze (51EA2E) 
sled (51ED) 
slice (511CE) 
sliced (511CED) 
slide (511DE) 
slob (510B) 
sloe (510E) 
sls (515) 
so (50) 
sob (50B) 
sociable (50C1AB1E) 
social (50C1A1) 
socialise (50C1A115E) 
socialised (50C1A115ED) 
socialize (50C1A112E) 
socialized (50C1A112ED) 
socle (50C1E) 
sod (50D) 
soda (50DA) 
sofa (50FA) 
sofia (50F1A) 
soil (5011) 
soiled (5011ED) 
sol (501) 
solace (501ACE) 
sold (501D) 
sole (501E) 
solea (501EA) 
soled (501ED) 
soleidae (501E1DAE) 
soleless (501E1E55) 
solfa (501FA) 
solid (5011D) 
solidified (5011D1F1ED) 
solo (5010) 
sos (505) 
sozzled (50221ED) 
ss (55) 
sse (55E) 
szell (52E11) 
zea (2EA) 
zeal (2EA1) 
zed (2ED) 
zee (2EE) 
zeidae (2E1DAE) 
zill (2111) 
zizz (2122) 
zodiac (20D1AC) 
zodiacal (20D1ACA1) 
zoic (201C) 
zoisia (20151A) 
zola (201A) 
zoo (200) 
zooid (2001D)